rfq_id,similar_to_id,similarity_score,rank
8aff426d-b8c0-43aa-ad26-835ef4de6129,7d1ab305-7fc6-4ab0-bc2a-9ae1e038e67e,0.9999998543726104,1
8aff426d-b8c0-43aa-ad26-835ef4de6129,c6b9fba1-6df0-44d6-bb69-f04dcdfae21d,0.9999998281882855,2
8aff426d-b8c0-43aa-ad26-835ef4de6129,2b1467df-c8b6-4d37-b7a5-27a8a1f0b690,0.9999998281882855,3
